product_id,product,series,sales_price
P001,Product 01,Enterprise,136095
P002,Product 02,Standard,91939
P003,Product 03,Standard,34354
P004,Product 04,Standard,143536
P005,Product 05,Professional,88590
P006,Product 06,Professional,98930
P007,Product 07,Professional,104939
P008,Product 08,Enterprise,38226
P009,Product 09,Professional,60268
P010,Product 10,Enterprise,28014
P011,Product 11,Standard,84058
P012,Product 12,Professional,148224
P013,Product 13,Professional,97855
P014,Product 14,Professional,106879
P015,Product 15,Enterprise,37149
P016,Product 16,Professional,85873
P017,Product 17,Professional,149195
P018,Product 18,Enterprise,22335
P019,Product 19,Professional,38543
P020,Product 20,Professional,110782
P021,Product 21,Standard,11447
P022,Product 22,Standard,38922
P023,Product 23,Standard,142199
P024,Product 24,Professional,12683
P025,Product 25,Enterprise,70077
P026,Product 26,Standard,56191
P027,Product 27,Enterprise,65806
P028,Product 28,Enterprise,46128
P029,Product 29,Standard,48593
P030,Product 30,Standard,116502
