sales_rep_id,sales_rep_name,region,team
S001,Sales Representative 01,North America,Enterprise
S002,Sales Representative 02,Europe,Commercial
S003,Sales Representative 03,North America,Commercial
S004,Sales Representative 04,Europe,Strategic Accounts
S005,Sales Representative 05,India,Strategic Accounts
S006,Sales Representative 06,India,Strategic Accounts
S007,Sales Representative 07,Europe,Strategic Accounts
S008,Sales Representative 08,APAC,Commercial
S009,Sales Representative 09,APAC,Strategic Accounts
S010,Sales Representative 10,APAC,Commercial
S011,Sales Representative 11,North America,Strategic Accounts
S012,Sales Representative 12,North America,Enterprise
S013,Sales Representative 13,North America,Enterprise
S014,Sales Representative 14,India,Enterprise
S015,Sales Representative 15,Europe,Enterprise
S016,Sales Representative 16,Europe,Strategic Accounts
S017,Sales Representative 17,North America,Strategic Accounts
S018,Sales Representative 18,APAC,Enterprise
S019,Sales Representative 19,Europe,Commercial
S020,Sales Representative 20,APAC,Strategic Accounts
S021,Sales Representative 21,APAC,Strategic Accounts
S022,Sales Representative 22,India,Commercial
S023,Sales Representative 23,Europe,Commercial
S024,Sales Representative 24,India,Enterprise
S025,Sales Representative 25,Europe,Strategic Accounts
S026,Sales Representative 26,North America,Enterprise
S027,Sales Representative 27,India,Strategic Accounts
S028,Sales Representative 28,India,Strategic Accounts
S029,Sales Representative 29,Europe,Enterprise
S030,Sales Representative 30,North America,Commercial
S031,Sales Representative 31,India,Strategic Accounts
S032,Sales Representative 32,APAC,Commercial
S033,Sales Representative 33,India,Enterprise
S034,Sales Representative 34,North America,Enterprise
S035,Sales Representative 35,North America,Commercial
S036,Sales Representative 36,India,Enterprise
S037,Sales Representative 37,India,Strategic Accounts
S038,Sales Representative 38,India,Strategic Accounts
S039,Sales Representative 39,North America,Enterprise
S040,Sales Representative 40,North America,Enterprise
S041,Sales Representative 41,APAC,Enterprise
S042,Sales Representative 42,India,Commercial
S043,Sales Representative 43,Europe,Strategic Accounts
S044,Sales Representative 44,North America,Enterprise
S045,Sales Representative 45,North America,Strategic Accounts
S046,Sales Representative 46,APAC,Strategic Accounts
S047,Sales Representative 47,North America,Enterprise
S048,Sales Representative 48,North America,Enterprise
S049,Sales Representative 49,North America,Strategic Accounts
S050,Sales Representative 50,APAC,Commercial
